,location_clean
0,0
1,0
2,0
3,0
4,1
5,1
6,0
7,0
8,1
9,0
10,0
11,0
12,0
13,0
14,0
15,0
16,1
17,1
18,0
19,1
20,0
21,0
22,0
23,1
24,0
25,0
26,1
27,1
28,0
29,0
30,1
31,1
32,1
33,0
34,1
35,1
36,0
37,0
38,0
39,0
40,0
41,0
42,0
43,1
44,0
45,0
46,0
47,0
48,0
49,0
50,1
51,0
52,0
53,0
54,0
55,1
56,1
57,1
58,1
59,1
60,0
61,0
62,1
63,1
64,0
65,1
66,1
67,1
68,1
69,1
70,1
71,0
72,1
73,0
74,1
75,0
76,0
77,1
78,0
79,1
80,1
81,0
82,0
83,1
84,0
85,0
86,1
87,1
88,0
89,1
90,0
91,0
92,0
93,0
94,1
95,1
96,0
97,1
98,0
99,0
100,0
101,1
102,0
103,0
104,0
105,0
106,0
107,1
108,0
109,1
110,1
111,0
112,1
113,1
114,1
115,1
116,1
117,1
118,0
119,0
120,1
121,0
122,1
123,1
124,0
125,1
126,0
127,0
128,0
129,1
130,1
131,0
132,1
133,1
134,0
135,0
136,0
137,1
138,1
139,0
140,1
141,1
142,1
143,1
144,0
145,0
146,0
147,1
148,0
149,0
150,0
151,0
152,0
153,0
154,0
155,1
156,0
157,0
158,0
159,0
160,0
161,0
162,1
163,1
164,1
165,0
166,0
167,0
168,0
169,0
170,1
171,1
172,0
173,0
174,0
175,0
176,1
177,0
178,0
179,1
180,0
181,1
182,0
183,1
184,1
185,1
186,0
187,0
188,0
189,1
190,0
191,0
192,0
193,0
194,0
195,0
196,0
197,0
198,1
199,1
200,0
201,1
202,1
203,0
204,0
205,1
206,0
207,0
208,1
209,0
210,1
211,0
212,1
213,0
214,0
215,1
216,0
217,1
218,1
219,0
220,0
221,0
222,1
223,1
224,0
225,0
226,1
227,0
228,1
229,1
230,0
231,1
232,1
233,0
234,0
235,0
236,0
237,0
238,1
239,0
240,0
241,0
242,0
243,0
244,0
245,0
246,1
247,0
248,0
249,1
250,1
251,0
252,0
253,0
254,0
255,0
256,1
257,0
258,1
259,0
260,1
261,0
262,0
263,0
264,0
265,0
266,0
267,0
268,0
269,0
270,0
271,0
272,0
273,0
274,0
275,0
276,0
277,0
278,1
279,1
280,1
281,1
282,1
283,1
284,1
285,1
286,0
287,0
288,0
289,0
290,0
291,1
292,0
293,0
294,0
295,0
296,1
297,0
298,0
299,1
300,0
301,0
302,1
303,0
304,0
305,0
306,0
307,0
308,1
309,0
310,1
311,0
312,0
313,0
314,0
315,0
316,0
317,0
318,1
319,1
320,0
321,1
322,0
323,1
324,0
325,0
326,0
327,1
328,1
329,1
330,0
331,1
332,0
333,0
334,1
335,0
336,1
337,0
338,0
339,1
340,1
341,1
342,0
343,0
344,0
345,0
346,0
347,0
348,0
349,0
350,1
351,0
352,0
353,1
354,0
355,0
356,0
357,0
358,0
359,0
360,1
361,1
362,0
363,0
364,0
365,1
366,1
367,1
368,1
369,0
370,1
371,0
372,1
373,1
374,0
375,1
376,0
377,0
378,0
379,0
380,0
381,0
382,0
383,1
384,1
385,1
386,0
387,1
388,0
389,0
390,1
391,0
392,1
393,0
394,0
395,1
396,1
397,0
398,1
399,0
400,0
401,1
402,0
403,0
404,1
405,0
406,0
407,0
408,1
409,1
410,1
411,1
412,0
413,0
414,1
415,0
416,0
417,1
418,1
419,0
420,0
421,1
422,0
423,0
424,0
425,0
426,0
427,0
428,0
429,0
430,0
431,0
432,0
433,1
434,1
435,0
436,0
437,1
438,0
439,0
440,1
441,0
442,0
443,1
444,0
445,0
446,0
447,1
448,1
449,1
450,0
451,0
452,0
453,1
454,0
455,0
456,0
457,1
458,1
459,0
460,1
461,0
462,0
463,0
464,0
465,0
466,0
467,0
468,0
469,0
470,1
471,1
472,0
473,0
474,1
475,1
476,0
477,0
478,0
479,1
480,0
481,1
482,0
483,0
484,1
485,1
486,1
487,0
488,1
489,0
490,0
491,1
492,1
493,0
494,0
495,1
496,0
497,1
498,1
499,0
500,0
501,0
502,0
503,0
504,0
505,0
506,0
507,0
508,0
509,0
510,1
511,0
512,0
513,1
514,1
515,0
516,0
517,0
518,0
519,0
520,0
521,0
522,1
523,0
524,0
525,1
526,0
527,0
528,0
529,0
530,0
531,1
532,0
533,1
534,1
535,0
536,0
537,0
538,1
539,0
540,0
541,0
542,0
543,0
544,0
545,0
546,0
547,0
548,0
549,1
550,1
551,0
552,0
553,0
554,1
555,0
556,0
557,0
558,1
559,0
560,1
561,0
562,0
563,0
564,1
565,1
566,1
567,1
568,0
569,0
570,0
571,0
572,0
573,1
574,0
575,0
576,0
577,1
578,0
579,0
580,0
581,0
582,0
583,0
584,0
585,1
586,0
587,0
588,1
589,0
590,0
591,1
592,0
593,1
594,1
595,0
596,0
597,1
598,1
599,0
600,1
601,0
602,0
603,1
604,0
605,1
606,1
607,1
608,1
609,0
610,0
611,1
612,0
613,0
614,0
615,1
616,1
617,0
618,0
619,1
620,1
621,0
622,0
623,0
624,0
625,0
626,0
627,0
628,0
629,1
630,1
631,1
632,1
633,1
634,1
635,0
636,1
637,0
638,0
639,1
640,0
641,1
642,1
643,0
644,1
645,1
646,1
647,0
648,1
649,1
650,1
651,0
652,0
653,0
654,1
655,1
656,1
657,0
658,1
659,0
660,1
661,1
662,1
663,0
664,0
665,0
666,1
667,1
668,0
669,0
670,0
671,0
672,0
673,1
674,1
675,0
676,0
677,1
678,1
679,0
680,1
681,0
682,1
683,0
684,1
685,0
686,0
687,0
688,1
689,0
690,0
691,0
692,1
693,0
694,0
695,0
696,0
697,0
698,1
699,0
700,0
701,1
702,0
703,0
704,0
705,0
706,1
707,0
708,0
709,0
710,0
711,0
712,0
713,1
714,0
715,0
716,0
717,1
718,0
719,1
720,0
721,1
722,0
723,0
724,0
725,1
726,0
727,1
728,1
729,0
730,0
731,0
732,1
733,1
734,0
735,0
736,1
737,1
738,1
739,0
740,0
741,1
742,0
743,1
744,1
745,1
746,1
747,1
748,1
749,0
750,1
751,1
752,0
753,1
754,1
755,1
756,0
757,0
758,1
759,0
760,0
761,1
762,0
763,0
764,1
765,0
766,0
767,1
768,0
769,1
770,1
771,0
772,0
773,1
774,0
775,1
776,1
777,0
778,0
779,0
780,0
781,1
782,1
783,0
784,0
785,0
786,0
787,1
788,1
789,1
790,0
791,0
792,0
793,0
794,0
795,0
796,0
797,0
798,0
799,0
800,0
801,1
802,1
803,0
804,0
805,0
806,1
807,0
808,1
809,0
810,1
811,0
812,0
813,1
814,0
815,0
816,0
817,0
818,1
819,0
820,0
821,1
822,1
823,0
824,1
825,0
826,0
827,0
828,0
829,0
830,0
831,1
832,1
833,1
834,0
835,0
836,0
837,0
838,1
839,1
840,1
841,0
842,1
843,1
844,1
845,0
846,0
847,1
848,0
849,1
850,1
851,0
852,0
853,0
854,1
855,1
856,0
857,0
858,0
859,0
860,0
861,1
862,1
863,1
864,1
865,1
866,1
867,0
868,0
869,1
870,1
871,1
872,1
873,0
874,0
875,1
876,1
877,0
878,0
879,0
880,0
881,0
882,1
883,0
884,1
885,1
886,0
887,0
888,0
889,1
890,0
891,1
892,0
893,0
894,0
895,0
896,0
897,0
898,0
899,1
900,0
901,0
902,0
903,0
904,0
905,1
906,0
907,1
908,1
909,0
910,1
911,1
912,0
913,0
914,1
915,0
916,1
917,1
918,0
919,0
920,1
921,1
922,0
923,1
924,0
925,1
926,1
927,0
928,1
929,1
930,0
931,1
932,0
933,1
934,1
935,1
936,1
937,0
938,0
939,1
940,1
941,0
942,1
943,1
944,1
945,0
946,1
947,1
948,0
949,0
950,0
951,0
952,0
953,0
954,1
955,0
956,1
957,0
958,0
959,0
960,1
961,0
962,0
963,0
964,1
965,0
966,1
967,0
968,1
969,1
970,1
971,1
972,0
973,0
974,1
975,0
976,0
977,0
978,0
979,1
980,0
981,0
982,0
983,0
984,0
985,1
986,1
987,0
988,0
989,0
990,0
991,0
992,0
993,1
994,0
995,0
996,1
997,0
998,1
999,0
1000,0
1001,1
1002,0
1003,1
1004,0
1005,1
1006,0
1007,0
1008,1
1009,1
1010,1
1011,1
1012,0
1013,0
1014,1
1015,1
1016,0
1017,1
1018,0
1019,1
1020,0
1021,0
1022,1
1023,0
1024,1
1025,1
1026,0
1027,1
1028,0
1029,1
1030,0
1031,1
1032,1
1033,0
1034,1
1035,1
1036,0
1037,1
1038,0
1039,1
1040,0
1041,1
1042,1
1043,0
1044,1
1045,0
1046,1
1047,1
1048,1
1049,1
1050,1
1051,1
1052,0
1053,0
1054,0
1055,0
1056,1
1057,0
1058,0
1059,0
1060,0
1061,1
1062,0
1063,0
1064,1
1065,0
1066,1
1067,0
1068,0
1069,1
1070,0
1071,0
1072,0
1073,1
1074,0
1075,0
1076,1
1077,0
1078,1
1079,0
1080,0
1081,0
1082,0
1083,1
1084,0
1085,1
1086,1
1087,1
1088,0
1089,0
1090,0
1091,0
1092,1
1093,0
1094,0
1095,0
1096,0
1097,0
1098,0
1099,0
1100,1
1101,0
1102,1
1103,0
1104,1
1105,0
1106,0
1107,0
1108,0
1109,0
1110,1
1111,1
1112,0
1113,0
1114,1
1115,0
1116,0
1117,1
1118,0
1119,1
1120,1
1121,1
1122,1
1123,1
1124,1
1125,0
1126,1
1127,1
1128,1
1129,1
1130,0
1131,0
1132,0
1133,1
1134,0
1135,1
1136,0
1137,0
1138,0
1139,1
1140,0
1141,0
1142,1
1143,1
1144,1
1145,0
1146,1
1147,0
1148,0
1149,0
1150,0
1151,1
1152,0
1153,1
1154,0
1155,0
1156,0
1157,0
1158,1
1159,0
1160,1
1161,0
1162,0
1163,0
1164,1
1165,0
1166,0
1167,0
1168,0
1169,1
1170,0
1171,0
1172,0
1173,1
1174,0
1175,0
1176,1
1177,0
1178,1
1179,0
1180,0
1181,0
1182,0
1183,1
1184,1
1185,0
1186,0
1187,0
1188,0
1189,0
1190,1
1191,0
1192,0
1193,0
1194,0
1195,0
1196,0
1197,0
1198,0
1199,0
1200,0
1201,0
1202,0
1203,0
1204,0
1205,0
1206,1
1207,0
1208,0
1209,1
1210,0
1211,0
1212,1
1213,1
1214,1
1215,0
1216,0
1217,0
1218,0
1219,0
1220,0
1221,1
1222,1
1223,1
1224,1
1225,1
1226,1
1227,1
1228,1
1229,0
1230,0
1231,0
1232,1
1233,1
1234,1
1235,0
1236,1
1237,0
1238,1
1239,1
1240,0
1241,1
1242,0
1243,0
1244,1
1245,0
1246,1
1247,0
1248,0
1249,0
1250,0
1251,1
1252,1
1253,1
1254,0
1255,0
1256,0
1257,1
1258,1
1259,0
1260,1
1261,1
1262,0
1263,0
1264,0
1265,0
1266,0
1267,0
1268,0
1269,0
1270,0
1271,1
1272,1
1273,0
1274,1
1275,0
1276,1
1277,1
1278,1
1279,0
1280,0
1281,0
1282,1
1283,0
1284,0
1285,0
1286,0
1287,0
1288,1
1289,1
1290,0
1291,0
1292,0
1293,1
1294,0
1295,1
1296,0
1297,0
1298,0
1299,1
1300,0
1301,0
1302,0
1303,1
1304,0
1305,0
1306,1
1307,0
1308,1
1309,1
1310,0
1311,1
1312,0
1313,0
1314,1
1315,1
1316,1
1317,0
1318,1
1319,1
1320,0
1321,1
1322,0
1323,0
1324,0
1325,0
1326,1
1327,1
1328,0
1329,0
1330,0
1331,1
1332,0
1333,0
1334,0
1335,0
1336,1
1337,1
1338,0
1339,0
1340,0
1341,0
1342,1
1343,0
1344,0
1345,0
1346,0
1347,1
1348,0
1349,0
1350,0
1351,0
1352,0
1353,0
1354,0
1355,0
1356,0
1357,0
1358,1
1359,0
1360,0
1361,0
1362,0
1363,0
1364,1
1365,1
1366,0
1367,1
1368,1
1369,0
1370,1
1371,1
1372,0
1373,1
1374,0
1375,1
1376,0
1377,0
1378,0
1379,0
1380,1
1381,1
1382,0
1383,0
1384,0
1385,0
1386,0
1387,0
1388,0
1389,0
1390,0
1391,0
1392,0
1393,1
1394,0
1395,0
1396,1
1397,1
1398,0
1399,0
1400,0
1401,0
1402,0
1403,0
1404,0
1405,0
1406,0
1407,1
1408,0
1409,0
1410,1
1411,1
1412,1
1413,0
1414,0
1415,0
1416,1
1417,0
1418,0
1419,1
1420,1
1421,1
1422,1
1423,0
1424,0
1425,0
1426,0
1427,0
1428,0
1429,1
1430,0
1431,1
1432,1
1433,0
1434,0
1435,0
1436,0
1437,0
1438,0
1439,0
1440,0
1441,0
1442,0
1443,0
1444,1
1445,0
1446,1
1447,0
1448,0
1449,0
1450,0
1451,0
1452,0
1453,0
1454,0
1455,0
1456,0
1457,0
1458,1
1459,1
1460,1
1461,0
1462,1
1463,1
1464,0
1465,1
1466,0
1467,0
1468,1
1469,1
1470,0
1471,1
1472,1
1473,0
1474,0
1475,0
1476,0
1477,1
1478,1
1479,1
1480,0
1481,1
1482,1
1483,0
1484,1
1485,0
1486,0
1487,1
1488,1
1489,0
1490,0
1491,0
1492,0
1493,1
1494,0
1495,0
1496,0
1497,0
1498,0
1499,1
1500,1
1501,1
1502,1
1503,0
1504,0
1505,0
1506,0
1507,1
1508,1
1509,0
1510,1
1511,0
1512,1
1513,0
1514,0
1515,1
1516,1
1517,0
1518,0
1519,0
1520,1
1521,0
1522,1
1523,0
1524,0
1525,0
1526,1
1527,1
1528,1
1529,0
1530,1
1531,0
1532,0
1533,0
1534,1
1535,0
1536,1
1537,0
1538,0
1539,1
1540,0
1541,0
1542,1
1543,1
1544,0
1545,0
1546,0
1547,0
1548,0
1549,0
1550,0
1551,0
1552,0
1553,0
1554,0
1555,1
1556,1
1557,1
1558,1
1559,0
1560,0
1561,0
1562,1
1563,1
1564,0
1565,0
1566,0
1567,0
1568,1
1569,0
1570,1
1571,0
1572,0
1573,0
1574,0
1575,1
1576,1
1577,1
1578,0
1579,1
1580,0
1581,1
1582,1
1583,0
1584,0
1585,0
1586,1
1587,1
1588,1
1589,0
1590,0
1591,0
1592,0
1593,0
1594,1
1595,1
1596,0
1597,1
1598,0
1599,0
1600,1
1601,0
1602,0
1603,0
1604,1
1605,0
1606,0
1607,1
1608,0
1609,0
1610,1
1611,1
1612,0
1613,0
1614,0
1615,1
1616,0
1617,0
1618,0
1619,0
1620,1
1621,1
1622,0
1623,1
1624,1
1625,0
1626,0
1627,0
1628,1
1629,0
1630,0
1631,0
1632,1
1633,0
1634,1
1635,0
1636,0
1637,0
1638,1
1639,1
1640,0
1641,1
1642,0
1643,0
1644,1
1645,0
1646,0
1647,0
1648,1
1649,0
1650,1
1651,1
1652,1
1653,0
1654,0
1655,0
1656,1
1657,0
1658,0
1659,0
1660,0
1661,0
1662,1
1663,0
1664,0
1665,0
1666,1
1667,0
1668,0
1669,0
1670,1
1671,1
1672,0
1673,0
1674,0
1675,1
1676,0
1677,0
1678,1
1679,0
1680,0
1681,0
1682,1
1683,0
1684,0
1685,1
1686,1
1687,0
1688,1
1689,1
1690,0
1691,1
1692,1
1693,0
1694,1
1695,0
1696,0
1697,0
1698,1
1699,1
1700,0
1701,0
1702,1
1703,0
1704,0
1705,0
1706,1
1707,0
1708,0
1709,0
1710,0
1711,1
1712,1
1713,0
1714,0
1715,1
1716,1
1717,0
1718,0
1719,1
1720,1
1721,0
1722,0
1723,0
1724,1
1725,1
1726,0
1727,1
1728,0
1729,0
1730,0
1731,1
1732,0
1733,1
1734,1
1735,1
1736,0
1737,0
1738,0
1739,0
1740,0
1741,1
1742,0
1743,0
1744,0
1745,0
1746,0
1747,0
1748,0
1749,0
1750,0
1751,1
1752,0
1753,0
1754,0
1755,0
1756,0
1757,0
1758,1
1759,0
1760,1
1761,0
1762,0
1763,1
1764,1
1765,0
1766,0
1767,0
1768,0
1769,0
1770,0
1771,0
1772,0
1773,1
1774,0
1775,0
1776,0
1777,0
1778,1
1779,1
1780,1
1781,0
1782,0
1783,0
1784,0
1785,0
1786,0
1787,0
1788,0
1789,0
1790,0
1791,0
1792,1
1793,0
1794,1
1795,1
1796,0
1797,0
1798,1
1799,0
1800,1
1801,1
1802,0
1803,1
1804,0
1805,0
1806,0
1807,1
1808,0
1809,1
1810,0
1811,0
1812,0
1813,0
1814,0
1815,0
1816,0
1817,0
1818,0
1819,1
1820,0
1821,0
1822,0
1823,1
1824,0
1825,1
1826,0
1827,1
1828,0
1829,1
1830,0
1831,0
1832,0
1833,0
1834,0
1835,1
1836,1
1837,1
1838,1
1839,1
1840,0
1841,0
1842,1
1843,1
1844,0
1845,0
1846,1
1847,0
1848,1
1849,0
1850,0
1851,1
1852,0
1853,0
1854,0
1855,1
1856,1
1857,0
1858,1
1859,0
1860,0
1861,0
1862,1
1863,0
1864,0
1865,0
1866,0
1867,1
1868,0
1869,1
1870,1
1871,0
1872,0
1873,1
1874,0
1875,1
1876,1
1877,0
1878,0
1879,1
1880,1
1881,0
1882,0
1883,0
1884,0
1885,0
1886,0
1887,0
1888,0
1889,1
1890,0
1891,0
1892,0
1893,0
1894,0
1895,0
1896,0
1897,0
1898,1
1899,0
1900,0
1901,0
1902,0
1903,0
1904,0
1905,0
1906,0
1907,1
1908,0
1909,0
1910,1
1911,1
1912,1
1913,0
1914,1
1915,0
1916,0
1917,0
1918,1
1919,1
1920,1
1921,1
1922,1
1923,0
1924,0
1925,0
1926,0
1927,0
1928,0
1929,0
1930,0
1931,0
1932,1
1933,0
1934,0
1935,0
1936,1
1937,1
1938,0
1939,1
1940,0
1941,0
1942,0
1943,1
1944,0
1945,0
1946,0
1947,0
1948,0
1949,0
1950,0
1951,0
1952,0
1953,1
1954,0
1955,1
1956,0
1957,1
1958,0
1959,1
1960,0
1961,0
1962,0
1963,0
1964,1
1965,0
1966,1
1967,1
1968,0
1969,0
1970,0
1971,1
1972,0
1973,1
1974,1
1975,0
1976,0
1977,0
1978,0
1979,0
1980,0
1981,1
1982,1
1983,1
1984,1
1985,0
1986,0
1987,0
1988,1
1989,1
1990,0
1991,1
1992,0
1993,0
1994,0
1995,0
1996,0
1997,0
1998,0
1999,0
2000,1
2001,0
2002,0
2003,1
2004,1
2005,0
2006,0
2007,0
2008,0
2009,0
2010,0
2011,0
2012,0
2013,1
2014,0
2015,0
2016,1
2017,0
2018,0
2019,0
2020,0
2021,0
2022,1
2023,1
2024,0
2025,1
2026,0
2027,0
2028,1
2029,0
2030,1
2031,1
2032,0
2033,0
2034,1
2035,0
2036,1
2037,1
2038,0
2039,0
2040,0
2041,0
2042,1
2043,0
2044,0
2045,0
2046,1
2047,0
2048,0
2049,0
2050,1
2051,0
2052,1
2053,0
2054,1
2055,0
2056,0
2057,1
2058,0
2059,1
2060,0
2061,0
2062,1
2063,1
2064,0
2065,0
2066,0
2067,0
2068,0
2069,1
2070,0
2071,1
2072,0
2073,1
2074,1
2075,1
2076,0
2077,1
2078,1
2079,1
2080,0
2081,0
2082,0
2083,0
2084,0
2085,0
2086,0
2087,0
2088,1
2089,0
2090,1
2091,0
2092,0
2093,0
2094,0
2095,0
2096,1
2097,0
2098,0
2099,0
2100,0
2101,0
2102,0
2103,0
2104,0
2105,0
2106,1
2107,1
2108,0
2109,0
2110,1
2111,1
2112,0
2113,1
2114,1
2115,1
2116,1
2117,1
2118,0
2119,0
2120,1
2121,1
2122,0
2123,1
2124,0
2125,0
2126,0
2127,0
2128,0
2129,1
2130,1
2131,1
2132,0
2133,0
2134,1
2135,0
2136,0
2137,1
2138,1
2139,0
2140,1
2141,0
2142,0
2143,1
2144,1
2145,0
2146,1
2147,0
2148,0
2149,0
2150,1
2151,0
2152,0
2153,1
2154,0
2155,0
2156,0
2157,0
2158,0
2159,1
2160,0
2161,1
2162,1
2163,0
2164,0
2165,1
2166,0
2167,0
2168,1
2169,1
2170,0
2171,0
2172,1
2173,0
2174,1
2175,0
2176,1
2177,0
2178,0
2179,0
2180,1
2181,0
2182,1
2183,0
2184,1
2185,0
2186,0
2187,1
2188,1
2189,0
2190,0
2191,0
2192,1
2193,1
2194,1
2195,1
2196,0
2197,1
2198,0
2199,1
2200,0
2201,1
2202,1
2203,0
2204,1
2205,1
2206,0
2207,0
2208,0
2209,1
2210,0
2211,1
2212,0
2213,1
2214,1
2215,0
2216,0
2217,1
2218,0
2219,0
2220,1
2221,1
2222,1
2223,1
2224,0
2225,0
2226,0
2227,0
2228,0
2229,0
2230,0
2231,1
2232,0
2233,0
2234,0
2235,0
2236,1
2237,1
2238,1
2239,0
2240,1
2241,0
2242,0
2243,0
2244,0
2245,1
2246,0
2247,1
2248,0
2249,1
2250,0
2251,0
2252,0
2253,0
2254,1
2255,1
2256,0
2257,0
2258,1
2259,0
2260,1
2261,1
2262,0
2263,0
2264,1
2265,0
2266,1
2267,1
2268,0
2269,1
2270,0
2271,0
2272,0
2273,1
2274,0
2275,1
2276,0
2277,0
2278,0
2279,0
2280,0
2281,0
2282,1
2283,0
2284,0
2285,0
2286,0
2287,0
2288,1
2289,0
2290,0
2291,1
2292,1
2293,0
2294,1
2295,0
2296,0
2297,0
2298,0
2299,0
2300,0
2301,1
2302,0
2303,1
2304,1
2305,0
2306,1
2307,0
2308,1
2309,1
2310,1
2311,1
2312,0
2313,1
2314,1
2315,0
2316,1
2317,0
2318,0
2319,0
2320,1
2321,1
2322,0
2323,0
2324,1
2325,0
2326,0
2327,0
2328,0
2329,0
2330,1
2331,1
2332,0
2333,0
2334,0
2335,1
2336,0
2337,0
2338,0
2339,1
2340,0
2341,1
2342,1
2343,1
2344,1
2345,0
2346,1
2347,0
2348,0
2349,0
2350,1
2351,0
2352,1
2353,1
2354,1
2355,0
2356,1
2357,1
2358,0
2359,0
2360,0
2361,0
2362,0
2363,0
2364,1
2365,1
2366,1
2367,0
2368,0
2369,1
2370,0
2371,1
2372,1
2373,0
2374,1
2375,0
2376,0
2377,1
2378,0
2379,0
2380,0
2381,0
2382,0
2383,1
2384,0
2385,1
2386,1
2387,1
2388,1
2389,0
2390,0
2391,1
2392,0
2393,0
2394,0
2395,0
2396,0
2397,1
2398,0
2399,1
2400,1
2401,0
2402,0
2403,0
2404,0
2405,1
2406,1
2407,0
2408,1
2409,1
2410,1
2411,0
2412,0
2413,1
2414,1
2415,1
2416,0
2417,1
2418,1
2419,0
2420,1
2421,1
2422,0
2423,1
2424,1
2425,1
2426,0
2427,0
2428,1
2429,0
2430,1
2431,1
2432,0
2433,0
2434,0
2435,1
2436,1
2437,0
2438,1
2439,1
2440,1
2441,0
2442,1
2443,0
2444,0
2445,1
2446,0
2447,1
2448,1
2449,0
2450,0
2451,1
2452,0
2453,0
2454,0
2455,0
2456,1
2457,0
2458,1
2459,0
2460,0
2461,0
2462,0
2463,1
2464,0
2465,1
2466,1
2467,0
2468,0
2469,0
2470,0
2471,1
2472,0
2473,1
2474,0
2475,0
2476,0
2477,0
2478,0
2479,0
2480,0
2481,0
2482,0
2483,0
2484,1
2485,0
2486,0
2487,0
2488,0
2489,0
2490,0
2491,1
2492,1
2493,0
2494,1
2495,0
2496,0
2497,0
2498,1
2499,0
2500,1
2501,0
2502,1
2503,1
2504,0
2505,1
2506,1
2507,1
2508,0
2509,0
2510,1
2511,1
2512,0
2513,1
2514,0
2515,0
2516,1
2517,0
2518,1
2519,1
2520,0
2521,0
2522,0
2523,0
2524,0
2525,0
2526,1
2527,1
2528,0
2529,0
2530,0
2531,0
2532,1
2533,1
2534,1
2535,0
2536,1
2537,0
2538,0
2539,1
2540,1
2541,1
2542,0
2543,1
2544,0
2545,0
2546,0
2547,1
2548,0
2549,1
2550,0
2551,0
2552,0
2553,1
2554,1
2555,0
2556,1
2557,0
2558,1
2559,0
2560,0
2561,0
2562,1
2563,1
2564,0
2565,0
2566,1
2567,1
2568,1
2569,0
2570,0
2571,0
2572,0
2573,0
2574,1
2575,1
2576,1
2577,0
2578,1
2579,0
2580,0
2581,0
2582,0
2583,1
2584,0
2585,0
2586,0
2587,0
2588,1
2589,0
2590,0
2591,0
2592,0
2593,1
2594,0
2595,0
2596,1
2597,0
2598,0
2599,1
2600,0
2601,0
2602,1
2603,1
2604,1
2605,0
2606,0
2607,1
2608,1
2609,0
2610,0
2611,0
2612,0
2613,0
2614,0
2615,1
2616,1
2617,0
2618,0
2619,0
2620,1
2621,1
2622,1
2623,0
2624,0
2625,1
2626,0
2627,1
2628,0
2629,1
2630,1
2631,0
2632,0
2633,0
2634,0
2635,0
2636,0
2637,1
2638,0
2639,1
2640,0
2641,1
2642,0
2643,0
2644,0
2645,0
2646,1
2647,0
2648,0
2649,0
2650,1
2651,0
2652,1
2653,0
2654,1
2655,1
2656,0
2657,0
2658,1
2659,0
2660,1
2661,0
2662,1
2663,0
2664,0
2665,1
2666,1
2667,1
2668,0
2669,0
2670,1
2671,0
2672,0
2673,0
2674,0
2675,1
2676,1
2677,0
2678,1
2679,0
2680,0
2681,0
2682,0
2683,1
2684,0
2685,1
2686,0
2687,0
2688,0
2689,0
2690,0
2691,0
2692,0
2693,0
2694,1
2695,0
2696,1
2697,0
2698,1
2699,0
2700,0
2701,1
2702,1
2703,0
2704,1
2705,1
2706,1
2707,0
2708,0
2709,0
2710,0
2711,0
2712,1
2713,0
2714,1
2715,0
2716,0
2717,0
2718,1
2719,0
2720,0
2721,0
2722,0
2723,0
2724,0
2725,0
2726,1
2727,0
2728,0
2729,1
2730,0
2731,0
2732,1
2733,1
2734,1
2735,0
2736,1
2737,1
2738,1
2739,1
2740,0
2741,1
2742,1
2743,0
2744,1
2745,0
2746,1
2747,0
2748,0
2749,0
2750,1
2751,1
2752,1
2753,1
2754,0
2755,1
2756,1
2757,0
2758,0
2759,0
2760,0
2761,0
2762,0
2763,1
2764,0
2765,1
2766,1
2767,0
2768,1
2769,0
2770,1
2771,1
2772,1
2773,1
2774,0
2775,0
2776,1
2777,0
2778,0
2779,1
2780,1
2781,0
2782,0
2783,0
2784,0
2785,0
2786,1
2787,1
2788,0
2789,0
2790,0
2791,0
2792,0
2793,0
2794,1
2795,0
2796,0
2797,1
2798,0
2799,1
2800,1
2801,0
2802,0
2803,0
2804,0
2805,0
2806,1
2807,0
2808,1
2809,0
2810,0
2811,0
2812,0
2813,1
2814,0
2815,0
2816,0
2817,0
2818,0
2819,1
2820,0
2821,0
2822,0
2823,1
2824,1
2825,0
2826,0
2827,0
2828,1
2829,0
2830,0
2831,1
2832,1
2833,0
2834,1
2835,1
2836,0
2837,1
2838,0
2839,1
2840,0
2841,0
2842,0
2843,1
2844,0
2845,0
2846,1
2847,1
2848,1
2849,0
2850,0
2851,0
2852,0
2853,1
2854,1
2855,0
2856,1
2857,0
2858,1
2859,0
2860,1
2861,1
2862,0
2863,1
2864,0
2865,0
2866,0
2867,0
2868,0
2869,0
2870,0
2871,1
2872,0
2873,1
2874,0
2875,0
2876,0
2877,0
2878,0
2879,0
2880,0
2881,0
2882,0
2883,1
2884,0
2885,1
2886,1
2887,0
2888,0
2889,1
2890,0
2891,0
2892,1
2893,0
2894,1
2895,0
2896,1
2897,0
2898,1
2899,1
2900,0
2901,1
2902,1
2903,1
2904,0
2905,0
2906,0
2907,0
2908,0
2909,0
2910,1
2911,0
2912,0
2913,1
2914,0
2915,1
2916,1
2917,0
2918,1
2919,0
2920,0
2921,0
2922,0
2923,1
2924,0
2925,1
2926,0
2927,0
2928,0
2929,0
2930,0
2931,0
2932,1
2933,0
2934,0
2935,0
2936,0
2937,1
2938,0
2939,1
2940,1
2941,0
2942,0
2943,1
2944,1
2945,0
2946,1
2947,0
2948,1
2949,0
2950,0
2951,1
2952,0
2953,0
2954,0
2955,0
2956,0
2957,0
2958,0
2959,0
2960,0
2961,0
2962,0
2963,0
2964,1
2965,1
2966,0
2967,0
2968,0
2969,0
2970,1
2971,0
2972,0
2973,1
2974,0
2975,0
2976,1
2977,0
2978,1
2979,0
2980,1
2981,0
2982,0
2983,0
2984,0
2985,0
2986,0
2987,0
2988,1
2989,0
2990,1
2991,1
2992,1
2993,1
2994,0
2995,1
2996,0
2997,1
2998,0
2999,0
3000,1
3001,1
3002,1
3003,1
3004,0
3005,0
3006,0
3007,0
3008,0
3009,0
3010,1
3011,1
3012,0
3013,1
3014,1
3015,0
3016,1
3017,0
3018,0
3019,0
3020,0
3021,1
3022,1
3023,1
3024,0
3025,0
3026,0
3027,1
3028,0
3029,0
3030,0
3031,0
3032,1
3033,1
3034,0
3035,1
3036,0
3037,1
3038,1
3039,0
3040,0
3041,0
3042,0
3043,0
3044,1
3045,1
3046,1
3047,0
3048,1
3049,0
3050,1
3051,0
3052,0
3053,0
3054,0
3055,0
3056,1
3057,0
3058,0
3059,1
3060,0
3061,0
3062,0
3063,0
3064,0
3065,1
3066,0
3067,0
3068,0
3069,0
3070,1
3071,0
3072,0
3073,0
3074,0
3075,1
3076,1
3077,1
3078,0
3079,0
3080,0
3081,0
3082,1
3083,1
3084,0
3085,0
3086,1
3087,1
3088,0
3089,0
3090,1
3091,1
3092,0
3093,0
3094,1
3095,1
3096,0
3097,0
3098,1
3099,0
3100,0
3101,0
3102,1
3103,1
3104,1
3105,1
3106,0
3107,0
3108,0
3109,1
3110,1
3111,0
3112,0
3113,0
3114,0
3115,0
3116,1
3117,0
3118,0
3119,0
3120,0
3121,0
3122,0
3123,1
3124,0
3125,0
3126,1
3127,0
3128,0
3129,1
3130,0
3131,0
3132,0
3133,0
3134,1
3135,0
3136,1
3137,0
3138,0
3139,0
3140,1
3141,1
3142,0
3143,0
3144,1
3145,1
3146,1
3147,0
3148,0
3149,0
3150,0
3151,1
3152,1
3153,0
3154,1
3155,0
3156,0
3157,0
3158,0
3159,0
3160,1
3161,1
3162,1
3163,0
3164,1
3165,0
3166,0
3167,1
3168,0
3169,0
3170,0
3171,0
3172,1
3173,0
3174,1
3175,0
3176,1
3177,1
3178,0
3179,0
3180,0
3181,0
3182,0
3183,0
3184,0
3185,0
3186,0
3187,1
3188,0
3189,0
3190,1
3191,1
3192,0
3193,1
3194,1
3195,1
3196,1
3197,1
3198,1
3199,0
3200,1
3201,0
3202,0
3203,1
3204,0
3205,0
3206,1
3207,1
3208,1
3209,1
3210,0
3211,0
3212,1
3213,0
3214,1
3215,1
3216,1
3217,0
3218,1
3219,1
3220,0
3221,0
3222,1
3223,0
3224,0
3225,0
3226,1
3227,1
3228,1
3229,0
3230,0
3231,1
3232,0
3233,0
3234,0
3235,1
3236,0
3237,1
3238,0
3239,1
3240,1
3241,1
3242,1
3243,1
3244,1
3245,0
3246,0
3247,1
3248,1
3249,1
3250,0
3251,1
3252,0
3253,1
3254,1
3255,1
3256,0
3257,0
3258,1
3259,0
3260,0
3261,0
3262,0
3263,0
3264,0
3265,0
3266,0
3267,1
3268,1
3269,0
3270,0
3271,0
3272,0
3273,0
3274,0
3275,0
3276,0
3277,0
3278,0
3279,0
3280,0
3281,0
3282,1
3283,1
3284,1
3285,0
3286,1
3287,0
3288,1
3289,0
3290,1
3291,0
3292,0
3293,0
3294,0
3295,1
3296,0
3297,0
3298,0
3299,0
3300,0
3301,0
3302,1
3303,1
3304,1
3305,0
3306,0
3307,1
3308,1
3309,0
3310,1
3311,1
3312,0
3313,0
3314,0
3315,1
3316,0
3317,0
3318,1
3319,0
3320,0
3321,1
3322,0
3323,0
3324,1
3325,0
3326,0
3327,1
3328,0
3329,0
3330,0
3331,1
3332,0
3333,0
3334,1
3335,1
3336,1
3337,0
3338,0
3339,0
3340,1
3341,1
3342,0
3343,0
3344,1
3345,0
3346,0
3347,1
3348,1
3349,0
3350,0
3351,0
3352,0
3353,0
3354,0
3355,0
3356,1
3357,0
3358,0
3359,0
3360,0
3361,1
3362,0
3363,0
3364,1
3365,1
3366,1
3367,0
3368,0
3369,0
3370,1
3371,0
3372,0
3373,1
3374,1
3375,1
3376,0
3377,0
3378,0
3379,0
3380,1
3381,0
3382,1
3383,0
3384,1
3385,1
3386,0
3387,0
3388,0
3389,0
3390,1
3391,0
3392,0
3393,1
3394,1
3395,0
3396,1
3397,0
3398,1
3399,0
3400,0
3401,0
3402,0
3403,0
3404,0
3405,0
3406,0
3407,0
3408,0
3409,1
3410,0
3411,0
3412,0
3413,1
3414,1
3415,0
3416,1
3417,1
3418,1
3419,0
3420,0
3421,1
3422,1
3423,0
3424,0
3425,0
3426,0
3427,0
3428,0
3429,0
3430,0
3431,1
3432,0
3433,1
3434,1
3435,1
3436,1
3437,0
3438,1
3439,1
3440,0
3441,0
3442,1
3443,0
3444,1
3445,0
3446,1
3447,1
3448,0
3449,1
3450,1
3451,0
3452,0
3453,1
3454,1
3455,0
3456,1
3457,1
3458,1
3459,1
3460,0
3461,0
3462,1
3463,0
3464,0
3465,0
3466,0
3467,1
3468,1
3469,0
3470,1
3471,0
3472,1
3473,1
3474,0
3475,1
3476,0
3477,1
3478,0
3479,0
3480,0
3481,1
3482,0
3483,1
3484,0
3485,0
3486,0
3487,0
3488,0
3489,0
3490,1
3491,1
3492,0
3493,1
3494,0
3495,0
3496,0
3497,1
3498,1
3499,1
3500,0
3501,0
3502,1
3503,0
3504,0
3505,0
3506,1
3507,1
3508,0
3509,0
3510,0
3511,0
3512,0
3513,0
3514,0
3515,1
3516,1
3517,0
3518,0
3519,0
3520,0
3521,1
3522,0
3523,0
3524,0
3525,0
3526,0
3527,1
3528,0
3529,1
3530,0
3531,0
3532,1
3533,0
3534,0
3535,1
3536,0
3537,0
3538,0
3539,0
3540,0
3541,0
3542,0
3543,0
3544,1
3545,0
3546,0
3547,0
3548,0
3549,0
3550,1
3551,1
3552,0
3553,1
3554,1
3555,1
3556,1
3557,0
3558,0
3559,0
3560,1
3561,0
3562,1
3563,1
3564,1
3565,1
3566,1
3567,1
3568,0
3569,1
3570,0
3571,0
3572,0
3573,0
3574,0
3575,0
3576,0
3577,0
3578,0
3579,0
3580,0
3581,0
3582,0
3583,0
3584,1
3585,0
3586,1
3587,1
3588,0
3589,0
3590,0
3591,0
3592,0
3593,1
3594,0
3595,1
3596,0
3597,0
3598,0
3599,1
3600,1
3601,0
3602,0
3603,0
3604,0
3605,0
3606,0
3607,1
3608,1
3609,0
3610,1
3611,1
3612,0
3613,0
3614,0
3615,1
3616,1
3617,1
3618,1
3619,1
3620,0
3621,0
3622,0
3623,0
3624,1
3625,1
3626,1
3627,0
3628,1
3629,0
3630,0
3631,1
3632,1
3633,0
3634,0
3635,1
3636,1
3637,1
3638,0
3639,1
3640,1
3641,1
3642,0
3643,0
3644,0
3645,0
3646,0
3647,0
3648,0
3649,0
3650,0
3651,1
3652,1
3653,0
3654,0
3655,1
3656,0
3657,0
3658,1
3659,1
3660,1
3661,1
3662,0
3663,0
3664,0
3665,0
3666,0
3667,1
3668,0
3669,1
3670,1
3671,0
3672,0
3673,0
3674,0
3675,0
3676,1
3677,1
3678,0
3679,0
3680,0
3681,1
3682,0
3683,0
3684,0
3685,1
3686,0
3687,1
3688,0
3689,0
3690,0
3691,1
3692,1
3693,0
3694,0
3695,0
3696,1
3697,0
3698,0
3699,0
3700,1
3701,0
3702,0
3703,1
3704,1
3705,0
3706,0
3707,0
3708,0
3709,0
3710,0
3711,0
3712,0
3713,0
3714,1
3715,0
3716,1
3717,1
3718,0
3719,0
3720,1
3721,1
3722,1
3723,0
3724,0
3725,0
3726,0
3727,0
3728,0
3729,1
3730,0
3731,0
3732,1
3733,0
3734,0
3735,1
3736,1
3737,0
3738,1
3739,0
3740,0
3741,0
3742,0
3743,0
3744,1
3745,0
3746,0
3747,1
3748,0
3749,0
3750,0
3751,0
3752,1
3753,0
3754,1
3755,1
3756,0
3757,0
3758,0
3759,0
3760,1
3761,0
3762,1
3763,1
3764,0
3765,1
3766,0
3767,0
3768,0
3769,0
3770,0
3771,1
3772,1
3773,1
3774,0
3775,0
3776,0
3777,1
3778,0
3779,1
3780,0
3781,0
3782,1
3783,1
3784,0
3785,1
3786,1
3787,0
3788,0
3789,0
3790,1
3791,1
3792,1
3793,0
3794,0
3795,0
3796,1
3797,1
3798,1
3799,1
3800,1
3801,0
3802,1
3803,1
3804,0
3805,1
3806,0
3807,1
3808,0
3809,0
3810,1
3811,0
3812,1
3813,1
3814,1
3815,1
3816,0
3817,0
3818,0
3819,0
3820,0
3821,0
3822,1
3823,0
3824,0
3825,1
3826,0
3827,0
3828,1
3829,0
3830,0
3831,1
3832,0
3833,0
3834,1
3835,1
3836,1
3837,1
3838,0
3839,1
3840,1
3841,0
3842,0
3843,1
3844,1
3845,0
3846,0
3847,0
3848,0
3849,0
3850,0
3851,1
3852,1
3853,0
3854,1
3855,1
3856,0
3857,1
3858,0
3859,1
3860,1
3861,0
3862,0
3863,0
3864,1
3865,1
3866,0
3867,1
3868,0
3869,1
3870,0
3871,0
3872,0
3873,0
3874,1
3875,0
3876,0
3877,1
3878,0
3879,1
3880,0
3881,1
3882,0
3883,0
3884,0
3885,0
3886,1
3887,0
3888,0
3889,0
3890,0
3891,1
3892,0
3893,0
3894,0
3895,0
3896,0
3897,0
3898,1
3899,0
3900,0
3901,1
3902,1
3903,1
3904,1
3905,0
3906,1
3907,0
3908,1
3909,1
3910,1
3911,1
3912,1
3913,0
3914,0
3915,1
3916,1
3917,0
3918,1
3919,0
3920,0
3921,1
3922,1
3923,0
3924,1
3925,0
3926,0
3927,0
3928,1
3929,0
3930,0
3931,0
3932,0
3933,0
3934,0
3935,0
3936,0
3937,0
3938,0
3939,0
3940,1
3941,1
3942,1
3943,0
3944,0
3945,0
3946,1
3947,0
3948,0
3949,0
3950,1
3951,0
3952,1
3953,1
3954,1
3955,0
3956,0
3957,1
3958,0
3959,0
3960,0
3961,0
3962,0
3963,1
3964,0
3965,0
3966,1
3967,1
3968,0
3969,0
3970,1
3971,0
3972,1
3973,1
3974,1
3975,0
3976,1
3977,0
3978,1
3979,1
3980,1
3981,1
3982,0
3983,0
3984,1
3985,1
3986,1
3987,0
3988,0
3989,1
3990,0
3991,0
3992,0
3993,0
3994,0
3995,0
3996,0
3997,1
3998,0
3999,0
4000,0
4001,0
4002,0
4003,1
4004,0
4005,0
4006,0
4007,0
4008,1
4009,1
4010,1
4011,0
4012,0
4013,0
4014,1
4015,0
4016,0
4017,0
4018,1
4019,1
4020,0
4021,0
4022,0
4023,0
4024,0
4025,0
4026,1
4027,0
4028,0
4029,1
4030,0
4031,1
4032,1
4033,0
4034,1
4035,0
4036,1
4037,0
4038,0
4039,1
4040,0
4041,0
4042,0
4043,1
4044,1
4045,0
4046,1
4047,0
4048,0
4049,0
4050,0
4051,0
4052,1
4053,1
4054,0
4055,1
4056,1
4057,0
4058,1
4059,1
4060,0
4061,0
4062,1
4063,0
4064,1
4065,0
4066,1
4067,0
4068,0
4069,1
4070,0
4071,1
4072,0
4073,1
4074,0
4075,0
4076,0
4077,0
4078,1
4079,0
4080,0
4081,0
4082,0
4083,0
4084,1
4085,0
4086,0
4087,1
4088,0
4089,0
4090,0
4091,1
4092,0
4093,0
4094,0
4095,1
4096,1
4097,0
4098,1
4099,0
4100,1
4101,1
4102,1
4103,1
4104,0
4105,1
4106,0
4107,0
4108,1
4109,1
4110,0
4111,0
4112,0
4113,1
4114,1
4115,0
4116,1
4117,0
4118,1
4119,1
4120,1
4121,1
4122,0
4123,0
4124,0
4125,0
4126,1
4127,0
4128,1
4129,0
4130,1
4131,0
4132,0
4133,0
4134,0
4135,1
4136,0
4137,0
4138,1
4139,0
4140,1
4141,0
4142,1
4143,1
4144,0
4145,0
4146,0
4147,0
4148,1
4149,1
4150,1
4151,0
4152,1
4153,0
4154,0
4155,0
4156,0
4157,1
4158,1
4159,1
4160,0
4161,0
4162,1
4163,1
4164,0
4165,0
4166,0
4167,0
4168,0
4169,1
4170,1
4171,0
4172,0
4173,1
4174,0
4175,1
4176,0
4177,1
4178,1
4179,0
4180,0
4181,0
4182,0
4183,1
4184,0
4185,1
4186,0
4187,1
4188,1
4189,0
4190,0
4191,1
4192,1
4193,1
4194,1
4195,0
4196,0
4197,0
4198,0
4199,0
4200,0
4201,0
4202,1
4203,0
4204,1
4205,0
4206,1
4207,0
4208,0
4209,1
4210,0
4211,0
4212,0
4213,0
4214,1
4215,0
4216,0
4217,0
4218,1
4219,1
4220,0
4221,1
4222,0
4223,1
4224,0
4225,1
4226,1
4227,1
4228,1
4229,0
4230,0
4231,0
4232,0
4233,1
4234,0
4235,0
4236,0
4237,0
4238,0
4239,0
4240,0
4241,0
4242,1
4243,0
4244,0
4245,0
4246,0
4247,1
4248,0
4249,1
4250,1
4251,0
4252,1
4253,1
4254,0
4255,0
4256,0
4257,1
4258,0
4259,0
4260,0
4261,1
4262,1
4263,1
4264,1
4265,0
4266,0
4267,1
4268,1
4269,1
4270,1
4271,1
4272,1
4273,0
4274,0
4275,0
4276,1
4277,0
4278,0
4279,0
4280,0
4281,0
4282,0
4283,0
4284,1
4285,0
4286,0
4287,0
4288,1
4289,0
4290,1
4291,1
4292,0
4293,0
4294,1
4295,0
4296,1
4297,0
4298,1
4299,1
4300,1
4301,0
4302,0
4303,0
4304,0
4305,0
4306,0
4307,0
4308,0
4309,0
4310,0
4311,1
4312,1
4313,0
4314,1
4315,0
4316,0
4317,0
4318,1
4319,0
4320,0
4321,1
4322,0
4323,1
4324,1
4325,1
4326,1
4327,0
4328,0
4329,0
4330,1
4331,0
4332,0
4333,1
4334,0
4335,0
4336,0
4337,1
4338,0
4339,0
4340,1
4341,0
4342,0
4343,1
4344,1
4345,0
4346,0
4347,1
4348,0
4349,0
4350,1
4351,0
4352,1
4353,1
4354,0
4355,0
4356,0
4357,1
4358,0
4359,1
4360,1
4361,1
4362,0
4363,1
4364,0
4365,0
4366,1
4367,0
4368,0
4369,1
4370,1
4371,0
4372,1
4373,0
4374,0
4375,0
4376,0
4377,1
4378,0
4379,1
4380,0
4381,0
4382,0
4383,0
4384,1
4385,0
4386,0
4387,0
4388,1
4389,0
4390,0
4391,1
4392,0
4393,0
4394,0
4395,0
4396,1
4397,0
4398,0
4399,1
4400,0
4401,0
4402,1
4403,0
4404,0
4405,1
4406,0
4407,1
4408,0
4409,0
4410,0
4411,1
4412,1
4413,0
4414,1
4415,1
4416,0
4417,1
4418,1
4419,1
4420,1
4421,0
4422,0
4423,1
4424,0
4425,0
4426,0
4427,0
4428,1
4429,0
4430,0
4431,0
4432,0
4433,1
4434,0
4435,1
4436,0
4437,0
4438,0
4439,0
4440,1
4441,1
4442,0
4443,0
4444,0
4445,0
4446,1
4447,0
4448,0
4449,0
4450,0
4451,0
4452,1
4453,0
4454,0
4455,0
4456,1
4457,0
4458,0
4459,0
4460,0
4461,0
4462,1
4463,0
4464,1
4465,0
4466,0
4467,0
4468,1
4469,0
4470,1
4471,1
4472,0
4473,1
4474,0
4475,0
4476,1
4477,1
4478,0
4479,0
4480,0
4481,0
4482,0
4483,0
4484,0
4485,1
4486,0
4487,1
4488,1
4489,1
4490,0
4491,0
4492,0
4493,1
4494,0
4495,0
4496,0
4497,1
4498,0
4499,0
4500,0
4501,1
4502,0
4503,0
4504,0
4505,1
4506,1
4507,1
4508,1
4509,0
4510,0
4511,0
4512,0
4513,0
4514,1
4515,0
4516,1
4517,0
4518,0
4519,0
4520,0
4521,0
4522,1
4523,1
4524,0
4525,0
4526,0
4527,1
4528,0
4529,0
4530,0
4531,1
4532,0
4533,0
4534,1
4535,0
4536,0
4537,0
4538,1
4539,0
4540,0
4541,0
4542,0
4543,1
4544,0
4545,0
4546,1
4547,0
4548,0
4549,0
4550,1
4551,0
4552,0
4553,1
4554,1
4555,1
4556,1
4557,0
4558,0
4559,0
4560,0
4561,0
4562,1
4563,1
4564,1
4565,0
4566,0
4567,0
4568,1
4569,1
4570,1
4571,1
4572,1
4573,1
4574,0
4575,0
4576,0
4577,0
4578,1
4579,1
4580,0
4581,0
4582,0
4583,1
4584,1
4585,0
4586,1
4587,0
4588,0
4589,0
4590,0
4591,0
4592,0
4593,1
4594,1
4595,0
4596,0
4597,1
4598,1
4599,1
4600,1
4601,1
4602,0
4603,0
4604,1
4605,0
4606,0
4607,0
4608,0
4609,0
4610,0
4611,0
4612,0
4613,0
4614,1
4615,1
4616,0
4617,1
4618,1
4619,0
4620,0
4621,1
4622,1
4623,0
4624,0
4625,0
4626,0
4627,0
4628,1
4629,0
4630,0
4631,0
4632,0
4633,0
4634,0
4635,0
4636,0
4637,1
4638,0
4639,0
4640,1
4641,0
4642,0
4643,0
4644,1
4645,0
4646,1
4647,1
4648,0
4649,1
4650,1
4651,1
4652,0
4653,0
4654,0
4655,0
4656,0
4657,1
4658,1
4659,0
4660,1
4661,1
4662,0
4663,0
4664,1
4665,0
4666,0
4667,1
4668,0
4669,0
4670,1
4671,1
4672,0
4673,0
4674,0
4675,1
4676,0
4677,0
4678,0
4679,0
4680,0
4681,1
4682,1
4683,0
4684,1
4685,1
4686,1
4687,1
4688,0
4689,1
4690,0
4691,1
4692,0
4693,1
4694,1
4695,0
4696,0
4697,0
4698,1
4699,0
4700,0
4701,0
4702,1
4703,1
4704,0
4705,0
4706,1
4707,0
4708,0
4709,1
4710,1
4711,1
4712,0
4713,0
4714,0
4715,0
4716,1
4717,1
4718,0
4719,1
4720,0
4721,0
4722,0
4723,1
4724,1
4725,1
4726,1
4727,0
4728,0
4729,0
4730,0
4731,1
4732,0
4733,0
4734,0
4735,0
4736,0
4737,0
4738,0
4739,0
4740,0
4741,1
4742,1
4743,1
4744,0
4745,0
4746,0
4747,0
4748,0
4749,0
4750,0
4751,0
4752,0
4753,0
4754,1
4755,0
4756,0
4757,0
4758,1
4759,1
4760,0
4761,1
4762,1
4763,0
4764,0
4765,0
4766,1
4767,0
4768,1
4769,0
4770,1
4771,0
4772,0
4773,0
4774,0
4775,1
4776,1
4777,0
4778,0
4779,0
4780,0
4781,0
4782,1
4783,0
4784,0
4785,1
4786,1
4787,0
4788,0
4789,0
4790,1
4791,1
4792,0
4793,0
4794,0
4795,0
4796,1
4797,1
4798,1
4799,0
4800,0
4801,1
4802,0
4803,0
4804,0
4805,1
4806,0
4807,0
4808,0
4809,0
4810,1
4811,0
4812,0
4813,0
4814,0
4815,1
4816,0
4817,0
4818,0
4819,0
4820,0
4821,1
4822,1
4823,0
4824,0
4825,1
4826,0
4827,1
4828,1
4829,0
4830,1
4831,1
4832,1
4833,0
4834,1
4835,0
4836,0
4837,0
4838,0
4839,0
4840,0
4841,0
4842,0
4843,1
4844,0
4845,1
4846,1
4847,1
4848,0
4849,0
4850,0
4851,1
4852,0
4853,0
4854,0
4855,1
4856,0
4857,0
4858,1
4859,0
4860,1
4861,0
4862,0
4863,0
4864,1
4865,0
4866,0
4867,0
4868,0
4869,1
4870,1
4871,0
4872,1
4873,0
4874,1
4875,0
4876,1
4877,0
4878,0
4879,1
4880,0
4881,0
4882,0
4883,1
4884,0
4885,0
4886,0
4887,1
4888,1
4889,1
4890,0
4891,0
4892,0
4893,1
4894,0
4895,0
4896,1
4897,1
4898,0
4899,0
4900,0
4901,1
4902,0
4903,1
4904,1
4905,0
4906,0
4907,1
4908,0
4909,0
4910,1
4911,1
4912,0
4913,0
4914,0
4915,1
4916,0
4917,0
4918,0
4919,0
4920,0
4921,0
4922,0
4923,0
4924,0
4925,0
4926,1
4927,0
4928,1
4929,1
4930,1
4931,1
4932,0
4933,0
4934,0
4935,0
4936,1
4937,1
4938,0
4939,1
4940,1
4941,1
4942,0
4943,1
4944,0
4945,0
4946,0
4947,0
4948,0
4949,1
4950,1
4951,1
4952,0
4953,1
4954,0
4955,0
4956,1
4957,1
4958,0
4959,1
4960,1
4961,1
4962,0
4963,1
4964,1
4965,1
4966,1
4967,1
4968,0
4969,1
4970,0
4971,0
4972,1
4973,1
4974,0
4975,0
4976,0
4977,0
4978,0
4979,0
4980,0
4981,1
4982,1
4983,1
4984,0
4985,1
4986,1
4987,1
4988,0
4989,0
4990,0
4991,0
4992,1
4993,0
4994,0
4995,0
4996,0
4997,0
4998,1
4999,0
5000,0
5001,0
5002,0
5003,0
5004,1
5005,0
5006,1
5007,0
5008,0
5009,0
5010,1
5011,0
5012,1
5013,0
5014,0
5015,0
5016,0
5017,0
5018,1
5019,1
5020,0
5021,0
5022,0
5023,1
5024,0
5025,1
5026,1
5027,1
5028,0
5029,0
5030,1
5031,0
5032,0
5033,1
5034,1
5035,0
5036,0
5037,0
5038,1
5039,0
5040,0
5041,0
5042,1
5043,0
5044,0
5045,0
5046,0
5047,0
5048,0
5049,0
5050,1
5051,1
5052,1
5053,0
5054,0
5055,1
5056,0
5057,1
5058,0
5059,0
5060,0
5061,0
5062,1
5063,0
5064,1
5065,0
5066,1
5067,1
5068,1
5069,1
5070,0
5071,0
5072,1
5073,0
5074,0
5075,0
5076,0
5077,0
5078,1
5079,0
5080,1
5081,0
5082,1
5083,1
5084,0
5085,0
5086,1
5087,0
5088,0
5089,1
5090,1
5091,1
5092,0
5093,1
5094,0
5095,1
5096,1
5097,0
5098,0
5099,0
5100,0
5101,0
5102,0
5103,0
5104,0
5105,1
5106,1
5107,1
5108,1
5109,1
5110,0
5111,1
5112,0
5113,1
5114,1
5115,0
5116,1
5117,1
5118,0
5119,0
5120,1
5121,0
5122,1
5123,0
5124,0
5125,1
5126,0
5127,1
5128,0
5129,1
5130,0
5131,0
5132,0
5133,1
5134,0
5135,0
5136,1
5137,0
5138,1
5139,1
5140,0
5141,0
5142,1
5143,0
5144,1
5145,0
5146,0
5147,0
5148,0
5149,0
5150,0
5151,0
5152,1
5153,1
5154,1
5155,1
5156,0
5157,1
5158,0
5159,0
5160,0
5161,0
5162,1
5163,1
5164,0
5165,1
5166,0
5167,0
5168,1
5169,0
5170,1
5171,0
5172,0
5173,0
5174,0
5175,1
5176,0
5177,0
5178,0
5179,0
5180,0
5181,0
5182,1
5183,1
5184,1
5185,1
5186,1
5187,0
5188,0
5189,0
5190,0
5191,1
5192,0
5193,1
5194,1
5195,0
5196,1
5197,0
5198,1
5199,0
5200,1
5201,0
5202,0
5203,0
5204,0
5205,0
5206,1
5207,1
5208,0
5209,0
5210,0
5211,1
5212,0
5213,0
5214,0
5215,0
5216,0
5217,0
5218,0
5219,1
5220,1
5221,0
5222,1
5223,0
5224,0
5225,0
5226,0
5227,1
5228,0
5229,0
5230,0
5231,0
5232,0
5233,0
5234,1
5235,0
5236,0
5237,1
5238,0
5239,0
5240,0
5241,1
5242,0
5243,1
5244,0
5245,1
5246,1
5247,0
5248,0
5249,0
5250,1
5251,0
5252,1
5253,1
5254,0
5255,0
5256,1
5257,0
5258,1
5259,1
5260,1
5261,0
5262,1
5263,0
5264,1
5265,0
5266,0
5267,1
5268,1
5269,0
5270,1
5271,0
5272,0
5273,0
5274,0
5275,1
5276,0
5277,0
5278,0
5279,1
5280,0
5281,0
5282,0
5283,0
5284,1
5285,1
5286,0
5287,0
5288,1
5289,0
5290,0
5291,0
5292,0
5293,0
5294,1
5295,0
5296,0
5297,1
5298,1
5299,0
5300,0
5301,0
5302,1
5303,0
5304,0
5305,0
5306,0
5307,0
5308,0
5309,0
5310,0
5311,1
5312,1
5313,0
5314,1
5315,0
5316,0
5317,1
5318,1
5319,1
5320,0
5321,0
5322,0
5323,1
5324,0
5325,0
5326,1
5327,0
5328,0
5329,1
5330,1
5331,1
5332,0
5333,0
5334,1
5335,1
5336,0
5337,0
5338,0
5339,1
5340,1
5341,0
5342,0
5343,0
5344,0
5345,0
5346,0
5347,1
5348,0
5349,0
5350,0
5351,1
5352,0
5353,0
5354,1
5355,0
5356,0
5357,1
5358,0
5359,0
5360,0
5361,1
5362,0
5363,0
5364,1
5365,1
5366,0
5367,0
5368,0
5369,0
5370,0
5371,0
5372,0
5373,1
5374,1
5375,0
5376,0
5377,0
5378,0
5379,0
5380,1
5381,0
5382,1
5383,1
5384,1
5385,0
5386,1
5387,1
5388,0
5389,0
5390,1
5391,0
5392,0
5393,1
5394,0
5395,0
5396,0
5397,0
5398,1
5399,0
5400,0
5401,0
5402,1
5403,0
5404,0
5405,1
5406,1
5407,0
5408,1
5409,1
5410,0
5411,0
5412,1
5413,1
5414,0
5415,1
5416,1
5417,0
5418,0
5419,1
5420,0
5421,0
5422,1
5423,1
5424,1
5425,1
5426,0
5427,1
5428,1
5429,0
5430,1
5431,0
5432,0
5433,0
5434,0
5435,1
5436,0
5437,0
5438,1
5439,1
5440,0
5441,0
5442,1
5443,0
5444,0
5445,0
5446,0
5447,0
5448,1
5449,1
5450,0
5451,0
5452,0
5453,1
5454,1
5455,0
5456,1
5457,1
5458,0
5459,1
5460,0
5461,0
5462,0
5463,0
5464,0
5465,0
5466,0
5467,1
5468,0
5469,1
5470,0
5471,0
5472,0
5473,0
5474,0
5475,1
5476,0
5477,1
5478,0
5479,0
5480,0
5481,1
5482,0
5483,1
5484,1
5485,1
5486,1
5487,0
5488,1
5489,0
5490,0
5491,1
5492,0
5493,1
5494,0
5495,0
5496,0
5497,1
5498,0
5499,0
5500,0
5501,1
5502,0
5503,0
5504,1
5505,1
5506,0
5507,0
5508,0
5509,0
5510,1
5511,0
5512,0
5513,1
5514,0
5515,1
5516,1
5517,0
5518,0
5519,0
5520,0
5521,1
5522,0
5523,1
5524,0
5525,1
5526,1
5527,1
5528,1
5529,0
5530,0
5531,0
5532,1
5533,1
5534,1
5535,0
5536,0
5537,0
5538,0
5539,0
5540,0
5541,0
5542,0
5543,1
5544,0
5545,1
5546,0
5547,0
5548,0
5549,0
5550,0
5551,0
5552,0
5553,1
5554,0
5555,0
5556,0
5557,0
5558,0
5559,1
5560,1
5561,0
5562,0
5563,0
5564,1
5565,1
5566,1
5567,1
5568,0
5569,0
5570,0
5571,0
5572,0
5573,0
5574,0
5575,0
5576,0
5577,0
5578,1
5579,0
5580,1
5581,1
5582,0
5583,1
5584,0
5585,0
5586,1
5587,0
5588,0
5589,0
5590,0
5591,0
5592,0
5593,0
5594,0
5595,0
5596,0
5597,1
5598,0
5599,0
5600,1
5601,0
5602,0
5603,0
5604,0
5605,1
5606,1
5607,0
5608,0
5609,1
5610,1
5611,1
5612,1
5613,0
5614,0
5615,1
5616,1
5617,1
5618,0
5619,0
5620,0
5621,0
5622,0
5623,0
5624,0
5625,1
5626,0
5627,1
5628,0
5629,1
5630,0
5631,0
5632,1
5633,1
5634,0
5635,0
5636,1
5637,1
5638,0
5639,1
5640,0
5641,0
5642,1
5643,0
5644,1
5645,0
5646,0
5647,0
5648,0
5649,0
5650,1
5651,1
5652,0
5653,0
5654,0
5655,1
5656,0
5657,1
5658,0
5659,1
5660,0
5661,0
5662,0
5663,0
5664,1
5665,1
5666,0
5667,0
5668,0
5669,1
5670,0
5671,1
5672,0
5673,0
5674,1
5675,0
5676,0
5677,1
5678,1
5679,0
5680,0
5681,0
5682,0
5683,1
5684,1
5685,0
5686,0
5687,1
5688,1
5689,1
5690,0
5691,1
5692,0
5693,0
5694,1
5695,1
5696,1
5697,1
5698,0
5699,1
5700,1
5701,1
5702,0
5703,0
5704,0
5705,0
5706,0
5707,0
5708,0
5709,0
5710,0
5711,0
5712,1
5713,0
5714,1
5715,0
5716,0
5717,0
5718,1
5719,1
5720,1
5721,0
5722,0
5723,0
5724,1
5725,0
5726,1
5727,0
5728,1
5729,0
5730,1
5731,1
5732,1
5733,0
5734,0
5735,0
5736,1
5737,0
5738,0
5739,1
5740,1
5741,1
5742,1
5743,1
5744,0
5745,1
5746,0
5747,0
5748,0
5749,0
5750,0
5751,0
5752,0
5753,1
5754,0
5755,0
5756,0
5757,0
5758,1
5759,0
5760,0
5761,0
5762,1
5763,1
5764,0
5765,1
5766,1
5767,1
5768,0
5769,0
5770,1
5771,0
5772,0
5773,0
5774,0
5775,0
5776,0
5777,0
5778,0
5779,0
5780,1
5781,0
5782,0
5783,1
5784,1
5785,0
5786,0
5787,0
5788,0
5789,0
5790,0
5791,0
5792,0
5793,0
5794,0
5795,1
5796,1
5797,0
5798,1
5799,1
5800,0
5801,1
5802,1
5803,0
5804,1
5805,0
5806,0
5807,1
5808,0
5809,1
5810,0
5811,1
5812,1
5813,0
5814,1
5815,1
5816,1
5817,0
5818,0
5819,1
5820,0
5821,1
5822,1
5823,0
5824,0
5825,1
5826,0
5827,1
5828,0
5829,0
5830,0
5831,1
5832,0
5833,0
5834,0
5835,1
5836,0
5837,0
5838,1
5839,1
5840,1
5841,0
5842,0
5843,1
5844,0
5845,1
5846,0
5847,0
5848,0
5849,1
5850,1
5851,1
5852,0
5853,1
5854,0
5855,0
5856,1
5857,0
5858,0
5859,1
5860,0
5861,0
5862,0
5863,0
5864,0
5865,0
5866,0
5867,0
5868,0
5869,0
5870,0
5871,0
5872,1
5873,0
5874,0
5875,1
5876,1
5877,1
5878,0
5879,0
5880,0
5881,1
5882,0
5883,1
5884,0
5885,0
5886,0
5887,1
5888,0
5889,0
5890,0
5891,0
5892,1
5893,0
5894,1
5895,0
5896,0
5897,0
5898,1
5899,0
5900,1
5901,0
5902,0
5903,1
5904,1
5905,0
5906,1
5907,1
5908,1
5909,1
5910,1
5911,0
5912,1
5913,0
5914,0
5915,0
5916,0
5917,1
5918,0
5919,1
5920,1
5921,1
5922,1
5923,0
5924,0
5925,1
5926,1
5927,1
5928,0
5929,0
5930,0
5931,1
5932,0
5933,1
5934,0
5935,0
5936,0
5937,0
5938,1
5939,0
5940,1
5941,0
5942,0
5943,1
5944,0
5945,1
5946,0
5947,0
5948,0
5949,0
5950,0
5951,0
5952,0
5953,0
5954,1
5955,1
5956,0
5957,1
5958,1
5959,1
5960,1
5961,1
5962,1
5963,0
5964,1
5965,0
5966,0
5967,0
5968,0
5969,0
5970,0
5971,0
5972,1
5973,1
5974,1
5975,0
5976,0
5977,0
5978,0
5979,0
5980,0
5981,1
5982,0
5983,0
5984,1
5985,0
5986,1
5987,0
5988,0
5989,0
5990,1
5991,0
5992,0
5993,0
5994,1
5995,0
5996,1
5997,0
5998,1
5999,1
6000,0
6001,0
6002,1
6003,0
6004,1
6005,1
6006,0
6007,1
6008,1
6009,0
6010,0
6011,0
6012,1
6013,0
6014,1
6015,0
6016,1
6017,0
6018,1
6019,1
6020,1
6021,1
6022,0
6023,1
6024,1
6025,0
6026,1
6027,0
6028,0
6029,0
6030,0
6031,1
6032,1
6033,0
6034,0
6035,0
6036,0
6037,0
6038,0
6039,0
6040,0
6041,0
6042,1
6043,0
6044,0
6045,1
6046,0
6047,0
6048,1
6049,1
6050,0
6051,1
6052,0
6053,0
6054,1
6055,0
6056,0
6057,0
6058,1
6059,0
6060,0
6061,1
6062,0
6063,0
6064,0
6065,0
6066,0
6067,0
6068,1
6069,0
6070,0
6071,1
6072,0
6073,0
6074,0
6075,0
6076,1
6077,0
6078,0
6079,1
6080,0
6081,1
6082,0
6083,0
6084,1
6085,0
6086,0
6087,0
6088,0
6089,0
6090,1
6091,0
6092,1
6093,0
6094,0
6095,0
6096,0
6097,0
6098,0
6099,1
6100,0
6101,0
6102,1
6103,0
6104,0
6105,0
6106,1
6107,0
6108,0
6109,1
6110,0
6111,0
6112,0
6113,0
6114,0
6115,0
6116,1
6117,1
6118,0
6119,0
6120,1
6121,0
6122,0
6123,0
6124,1
6125,0
6126,0
6127,0
6128,1
6129,0
6130,0
6131,1
6132,1
6133,1
6134,0
6135,0
6136,0
6137,0
6138,0
6139,0
6140,0
6141,0
6142,0
6143,1
6144,1
6145,0
6146,0
6147,1
6148,0
6149,0
6150,0
6151,0
6152,0
6153,0
6154,0
6155,1
6156,0
6157,0
6158,0
6159,1
6160,1
6161,1
6162,1
6163,1
6164,0
6165,1
6166,0
6167,0
6168,0
6169,0
6170,0
6171,1
6172,1
6173,1
6174,1
6175,1
6176,1
6177,0
6178,1
6179,0
6180,1
6181,0
6182,0
6183,0
6184,1
6185,0
6186,0
6187,1
6188,0
6189,1
6190,1
6191,0
6192,0
6193,1
6194,0
6195,1
6196,0
6197,0
6198,1
6199,0
6200,1
6201,0
6202,0
6203,1
6204,1
6205,0
6206,1
6207,1
6208,0
6209,1
6210,0
6211,0
6212,0
6213,0
6214,0
6215,1
6216,1
6217,0
6218,0
6219,0
6220,0
6221,0
6222,0
6223,0
6224,1
6225,0
6226,0
6227,1
6228,1
6229,1
6230,1
6231,1
6232,0
6233,0
6234,1
6235,1
6236,0
6237,0
6238,0
6239,1
6240,1
6241,1
6242,0
6243,0
6244,1
6245,1
6246,1
6247,1
6248,1
6249,0
6250,0
6251,1
6252,1
6253,0
6254,0
6255,0
6256,0
6257,1
6258,1
6259,0
6260,1
6261,0
6262,0
6263,0
6264,0
6265,0
6266,0
6267,0
6268,0
6269,0
6270,0
6271,0
6272,0
6273,0
6274,1
6275,0
6276,1
6277,1
6278,0
6279,1
6280,1
6281,1
6282,1
6283,0
6284,0
6285,0
6286,0
6287,1
6288,1
6289,0
6290,0
6291,0
6292,1
6293,0
6294,1
6295,1
6296,1
6297,0
6298,1
6299,1
6300,0
6301,1
6302,0
6303,0
6304,1
6305,0
6306,0
6307,0
6308,1
6309,1
6310,0
6311,1
6312,0
6313,1
6314,1
6315,0
6316,0
6317,0
6318,1
6319,0
6320,0
6321,0
6322,0
6323,0
6324,0
6325,0
6326,1
6327,1
6328,1
6329,1
6330,0
6331,1
6332,1
6333,1
6334,0
6335,1
6336,1
6337,1
6338,1
6339,0
6340,0
6341,0
6342,1
6343,0
6344,0
6345,0
6346,0
6347,1
6348,0
6349,1
6350,0
6351,0
6352,0
6353,1
6354,1
6355,0
6356,0
6357,0
6358,1
6359,1
6360,0
6361,1
6362,0
6363,1
6364,1
6365,1
6366,0
6367,1
6368,0
6369,0
6370,0
6371,0
6372,1
6373,0
6374,1
6375,1
6376,0
6377,0
6378,1
6379,0
6380,0
6381,1
6382,1
6383,1
6384,0
6385,0
6386,1
6387,0
6388,0
6389,0
6390,0
6391,1
6392,1
6393,0
6394,0
6395,0
6396,1
6397,0
6398,1
6399,1
6400,0
6401,0
6402,0
6403,1
6404,0
6405,0
6406,1
6407,0
6408,0
6409,0
6410,0
6411,1
6412,1
6413,0
6414,1
6415,0
6416,0
6417,0
6418,0
6419,0
6420,1
6421,0
6422,0
6423,1
6424,0
6425,0
6426,1
6427,0
6428,0
6429,1
6430,0
6431,0
6432,1
6433,1
6434,1
6435,0
6436,1
6437,0
6438,1
6439,1
6440,1
6441,0
6442,0
6443,0
6444,1
6445,0
6446,1
6447,0
6448,0
6449,0
6450,1
6451,0
6452,0
6453,0
6454,0
6455,0
6456,0
6457,1
6458,1
6459,1
6460,0
6461,0
6462,0
6463,0
6464,0
6465,1
6466,1
6467,0
6468,0
6469,0
6470,0
